2026-02-08,https://www.slideshare.net/housinggrantsfinder/
2026-02-08,https://about.me/housinggrants
2026-02-08,https://www.quora.com/What-is-the-USDA-Section-504-Home-Repair-Program-and-who-qualifies/answer/Paula-D-Bean?prompt_topic_bio=1
2026-02-08,https://housinggrants.github.io/home-repair-help-toolkit/
2026-02-08,https://github.com/housinggrants/home-repair-help-toolkit
2026-02-08,https://soundcloud.com/valid-wireless/how-to-get-a-free-government-iphone-tablet-2026-eligibility-guide
2026-02-08,https://www.quora.com/Are-there-any-legitimate-roof-replacement-grants-for-homeowners/answer/Paula-D-Bean?prompt_topic_bio=1
2026-02-08,https://ie.trustpilot.com/review/validwireless.com
2026-02-08,https://www.youtube.com/watch?v=PyWeONwcoQQ
2026-02-08,https://www.trustpilot.com/review/housinggrantsfinder.com
2026-02-08,https://soundcloud.com/housinggrantsfinder/the_truth_about_government_hom
2026-02-08,https://www.youtube.com/watch?v=jqwVk8D-7kw
